horizon,mean,std,skew,min,max,p1,p99
1,-0.084131,11.702938,5.3852,-855.0231,1033.6079,-30.9445,26.592
3,-0.259256,19.36905,1.9628,-974.5753,1049.8318,-56.102,45.8068
10,-0.802295,33.9953,0.7974,-2201.8816,1751.7566,-107.3233,81.8083
25,-1.754317,53.30724,0.8448,-1646.8875,2314.4111,-183.3328,124.1718
