{
  "1": {
    "val_score": 0.07892845995332386,
    "params": {
      "learning_rate": 0.04406629612367329,
      "num_leaves": 20,
      "max_depth": 9,
      "min_child_samples": 59,
      "lambda_l2": 1.0583273927232018,
      "feature_fraction": 0.621856531773907,
      "bagging_fraction": 0.3090865422616541,
      "early_stopping": 295
    },
    "n_trials": 30,
    "runtime_min": 41.42921369075775
  },
  "3": {
    "val_score": 0.12728836760219603,
    "params": {
      "learning_rate": 0.037935692515095945,
      "num_leaves": 33,
      "max_depth": 10,
      "min_child_samples": 300,
      "lambda_l2": 21.434907676047356,
      "feature_fraction": 0.7180567665529795,
      "bagging_fraction": 0.7447625874105789,
      "early_stopping": 237
    },
    "n_trials": 30,
    "runtime_min": 62.91549629767736
  },
  "10": {
    "val_score": 0.22969527906412088,
    "params": {
      "learning_rate": 0.006982145136353642,
      "num_leaves": 93,
      "max_depth": 9,
      "min_child_samples": 469,
      "lambda_l2": 9.231846159378371,
      "feature_fraction": 0.48960047448226146,
      "bagging_fraction": 0.8590194503565559,
      "early_stopping": 145
    },
    "n_trials": 30,
    "runtime_min": 158.57881691455842
  },
  "25": {
    "val_score": 0.29399037083809515,
    "params": {
      "learning_rate": 0.005189475950119597,
      "num_leaves": 120,
      "max_depth": 9,
      "min_child_samples": 392,
      "lambda_l2": 6.810433588781424,
      "feature_fraction": 0.7366425322027264,
      "bagging_fraction": 0.598972767807703,
      "early_stopping": 192
    },
    "n_trials": 30,
    "runtime_min": 128.66576558351517
  }
}