horizon,weight_share_%
1,26.552110336332362
3,37.73819216539253
10,17.84338858548917
25,17.866308912785925
